x,y,z
81.733,576.927,2.633
82.013,575.596,2.598
82.698,573.566,2.504
84.014,571.367,2.400
85.810,569.493,2.224
88.059,568.003,2.034
90.569,567.069,1.837
92.941,566.719,1.752
95.286,566.829,1.682
97.592,567.459,1.493
99.802,568.384,1.240
102.141,569.507,0.909
104.329,570.673,0.588
106.494,571.682,0.338
108.970,572.474,0.085
112.031,573.281,-0.173
115.034,573.793,-0.497
118.048,574.270,-0.984
120.845,574.483,-1.269
125.933,575.403,-1.244
131.914,576.238,-1.061
134.531,575.937,-1.060
137.504,575.344,-1.097
139.025,574.982,-1.115
148.009,574.594,-1.051
150.534,574.410,-1.071
154.066,574.042,-0.936
158.661,573.325,-0.989
164.117,572.909,-1.178
166.526,572.817,-1.225
172.455,572.647,-1.278
175.284,572.496,-1.330
177.711,572.436,-1.390
182.163,572.156,-1.442
186.911,571.767,-1.527
189.299,571.597,-1.615
194.145,571.206,-1.689
196.466,571.248,-1.754
200.856,571.299,-1.832
203.210,571.476,-1.895
207.745,571.949,-1.938
209.960,571.925,-1.989
211.730,572.144,-2.035
214.897,572.684,-2.058
217.673,573.231,-2.070
218.905,573.566,-2.073
220.197,574.054,-2.089
222.671,574.706,-2.096
225.466,574.704,-2.107
227.112,575.138,-2.116
230.915,574.810,-2.145
232.676,574.802,-2.184
236.393,573.922,-2.231
239.466,572.521,-2.298
243.259,572.031,-2.386
245.390,571.637,-2.466
249.321,572.122,-2.545
251.013,571.973,-2.661
255.340,571.930,-2.747
257.205,571.121,-2.838
261.565,571.023,-2.938
263.455,570.404,-3.041
267.685,570.551,-3.126
271.713,571.303,-3.223
275.716,571.498,-3.334
277.688,572.221,-3.428
282.018,572.239,-3.516
284.139,572.357,-3.601
288.208,572.581,-3.694
290.104,572.361,-3.749
294.594,572.553,-3.832
296.310,571.997,-3.897
298.662,572.370,-3.980
302.630,572.136,-4.049
307.022,572.926,-4.131
309.369,572.977,-4.192
313.876,573.703,-4.259
316.116,574.039,-4.301
320.603,574.769,-4.345
322.931,575.345,-4.381
327.441,575.521,-4.417
329.640,575.809,-4.452
333.953,575.766,-4.478
336.221,575.898,-4.500
338.182,575.310,-4.512
342.454,575.309,-4.517
346.667,575.006,-4.519
348.703,574.833,-4.522
353.205,574.839,-4.537
355.069,574.725,-4.550
357.547,574.373,-4.565
361.585,574.489,-4.570
363.571,574.532,-4.568
367.997,574.159,-4.553
369.979,573.913,-4.551
374.339,573.610,-4.544
378.642,572.975,-4.553
380.756,572.910,-4.566
385.228,572.605,-4.596
387.238,572.586,-4.622
389.486,572.030,-4.656
393.946,571.898,-4.692
396.088,571.609,-4.761
400.459,571.238,-4.822
405.181,570.993,-4.872
407.380,570.316,-4.913
409.777,570.601,-4.941
414.356,570.297,-4.944
416.827,570.716,-4.947
421.015,571.024,-4.962
422.952,571.145,-4.926
425.149,571.165,-4.894
429.626,571.290,-4.894
434.059,571.169,-4.935
438.484,571.378,-4.948
440.771,571.078,-5.025
445.400,571.376,-5.095
447.443,570.941,-5.128
449.824,571.080,-5.121
456.685,571.108,-5.154
461.193,571.151,-5.165
463.562,571.280,-5.260
467.894,570.813,-5.337
470.254,571.263,-5.408
474.708,570.383,-5.470
477.179,570.634,-5.514
483.369,569.909,-5.565
485.180,569.030,-5.590
487.414,569.591,-5.628
489.516,569.869,-5.681
493.869,569.871,-5.739
497.975,569.504,-5.784
500.040,570.441,-5.832
502.174,570.441,-5.867
508.799,570.551,-5.901
510.805,570.695,-5.916
515.107,570.578,-5.955
517.242,570.687,-5.987
519.443,570.396,-6.031
521.579,570.196,-6.054
525.905,569.921,-6.109
528.136,570.022,-6.133
534.884,570.025,-6.168
536.811,569.892,-6.171
539.346,569.815,-6.227
545.204,569.618,-6.258
551.475,568.907,-6.330
553.922,568.994,-6.354
558.149,569.009,-6.383
560.048,569.397,-6.408
564.284,569.792,-6.429
566.473,569.996,-6.442
570.997,570.467,-6.458
573.315,570.552,-6.486
577.748,570.879,-6.506
580.074,571.029,-6.534
584.438,570.823,-6.555
586.691,570.918,-6.573
590.992,570.394,-6.597
593.118,570.320,-6.616
597.575,569.993,-6.639
599.882,570.029,-6.678
602.107,570.194,-6.700
606.595,570.257,-6.790
614.686,570.284,-6.797
616.615,570.192,-6.796
620.689,570.489,-6.824
622.971,570.136,-6.841
627.013,570.094,-6.857
629.279,570.480,-6.883
633.318,570.466,-6.918
635.395,571.336,-6.930
639.625,571.416,-6.955
641.746,572.183,-6.978
646.000,572.054,-6.999
647.786,572.271,-6.998
652.032,572.347,-7.023
654.097,571.804,-7.053
656.421,571.714,-7.091
660.802,571.479,-7.122
662.835,571.296,-7.162
665.176,571.719,-7.187
669.601,571.373,-7.201
673.910,571.913,-7.217
676.101,571.918,-7.228
680.493,572.824,-7.240
699.946,573.204,-7.395
702.262,573.164,-7.432
710.717,573.407,-7.456
712.913,573.378,-7.480
715.011,573.235,-7.504
719.420,573.563,-7.519
723.820,573.914,-7.549
725.798,573.879,-7.589
728.161,573.847,-7.611
732.403,574.114,-7.628
736.680,574.530,-7.660
738.823,574.243,-7.671
743.359,574.573,-7.678
745.482,574.396,-7.701
747.888,574.715,-7.730
752.137,574.316,-7.755
756.199,574.375,-7.785
758.513,574.326,-7.803
762.913,574.225,-7.828
76.155,624.852,1.861
77.319,621.600,1.827
78.465,620.155,1.738
80.058,618.793,1.634
82.063,617.624,1.484
84.431,616.778,1.332
87.176,616.313,1.090
90.155,616.274,0.827
92.888,616.776,0.573
95.234,617.532,0.327
97.775,618.294,0.066
100.597,618.940,-0.262
103.797,619.499,-0.592
109.157,619.770,-1.071
111.637,619.806,-1.395
116.121,619.609,-1.673
118.422,619.412,-1.814
120.396,619.113,-1.909
124.179,618.550,-1.941
125.802,618.189,-1.934
127.311,617.594,-1.917
131.072,616.519,-1.942
132.278,616.138,-1.972
135.526,615.448,-2.033
137.483,615.102,-2.114
141.886,614.650,-2.186
144.433,614.711,-2.207
146.823,615.157,-2.112
149.000,615.297,-1.991
156.260,615.807,-1.625
158.989,616.095,-1.609
164.008,615.612,-1.648
166.330,615.402,-1.688
171.192,615.649,-1.755
173.791,615.192,-1.807
178.721,614.848,-1.937
181.664,614.490,-2.031
186.840,614.108,-2.290
189.597,614.572,-2.230
195.077,613.987,-2.290
197.752,614.463,-2.293
200.149,614.571,-2.289
202.894,614.404,-2.259
207.798,615.117,-2.225
212.608,615.829,-2.195
215.041,615.968,-2.144
217.338,616.015,-2.122
224.573,616.155,-2.099
226.639,616.421,-2.087
230.888,616.083,-2.087
232.821,615.617,-2.116
234.934,615.326,-2.153
239.252,615.089,-2.204
244.047,614.946,-2.283
246.165,614.413,-2.377
250.655,614.979,-2.480
252.713,614.679,-2.589
257.245,615.395,-2.708
259.464,615.452,-2.820
263.661,616.429,-2.946
265.971,616.547,-3.057
270.298,617.274,-3.183
272.377,617.843,-3.303
277.038,617.882,-3.420
279.242,618.357,-3.525
283.743,618.237,-3.646
285.845,618.642,-3.736
290.130,618.423,-3.839
292.360,618.633,-3.934
296.545,618.560,-4.029
298.581,618.930,-4.110
302.956,618.987,-4.210
305.267,619.254,-4.291
309.537,619.152,-4.372
311.694,619.393,-4.444
316.026,618.920,-4.512
318.248,618.866,-4.557
322.767,618.892,-4.606
324.992,619.135,-4.646
327.360,619.122,-4.684
332.032,619.295,-4.717
334.016,618.945,-4.741
336.287,619.128,-4.752
342.620,619.657,-4.760
344.658,619.989,-4.756
349.046,620.113,-4.750
351.189,620.123,-4.747
355.612,620.213,-4.741
357.789,620.185,-4.735
359.961,620.126,-4.723
364.098,619.845,-4.717
368.308,619.331,-4.705
370.602,619.394,-4.694
374.751,618.937,-4.689
377.019,619.425,-4.694
379.108,618.973,-4.679
383.526,619.539,-4.674
388.058,619.540,-4.677
390.273,619.139,-4.674
394.760,618.754,-4.671
396.776,618.192,-4.696
398.963,618.055,-4.705
402.969,616.888,-4.717
407.293,616.144,-4.744
409.579,616.080,-4.756
414.054,615.970,-4.755
416.300,615.899,-4.768
418.460,615.485,-4.793
422.667,615.552,-4.804
426.892,615.408,-4.846
429.294,615.115,-4.863
433.891,614.768,-4.895
436.344,614.874,-4.908
440.942,614.768,-4.922
443.129,614.853,-4.928
447.610,615.142,-4.962
451.909,615.621,-4.974
454.286,615.569,-5.016
458.387,615.549,-5.049
462.610,615.891,-5.083
464.652,615.221,-5.115
468.533,615.225,-5.191
470.621,615.022,-5.211
475.129,614.334,-5.264
477.481,614.335,-5.296
479.689,614.727,-5.341
483.832,614.385,-5.346
488.330,614.336,-5.382
490.553,614.452,-5.393
492.910,614.750,-5.408
499.394,615.502,-5.415
503.854,615.840,-5.414
506.021,616.006,-5.568
510.442,615.982,-5.651
512.545,615.982,-5.723
514.789,615.665,-5.786
517.087,615.369,-5.801
523.391,615.436,-5.803
525.412,615.508,-5.810
529.811,615.627,-5.834
531.974,615.568,-5.870
536.568,616.047,-5.900
538.932,615.874,-5.931
541.129,616.248,-5.959
545.443,615.635,-5.992
549.549,615.616,-6.025
551.692,615.440,-6.051
556.040,614.870,-6.076
558.298,614.535,-6.113
562.632,613.845,-6.142
564.579,613.714,-6.165
568.678,613.915,-6.196
570.859,614.046,-6.226
574.869,614.264,-6.247
577.012,614.426,-6.272
581.164,614.594,-6.309
583.092,614.372,-6.339
587.366,614.539,-6.372
589.402,614.482,-6.409
593.771,614.838,-6.444
595.998,614.967,-6.470
598.238,615.383,-6.512
602.731,615.790,-6.544
607.151,616.466,-6.566
609.403,616.767,-6.586
611.597,617.140,-6.621
616.185,617.308,-6.635
620.354,617.297,-6.660
622.325,618.374,-6.680
624.396,618.527,-6.723
628.892,619.037,-6.737
633.121,618.471,-6.765
635.329,618.693,-6.776
636.938,618.234,-6.821
641.051,617.446,-6.836
645.224,615.942,-6.865
647.448,615.746,-6.888
649.479,615.155,-6.939
653.510,614.121,-6.962
657.504,612.881,-6.996
659.478,612.543,-7.028
663.660,611.596,-7.063
665.726,610.926,-7.087
667.788,609.997,-7.128
672.215,609.298,-7.153
674.137,608.801,-7.183
677.897,609.770,-7.210
681.547,610.948,-7.231
683.552,611.208,-7.244
685.289,612.141,-7.265
689.191,613.086,-7.273
693.121,614.232,-7.294
695.265,614.774,-7.306
699.459,615.347,-7.329
701.401,615.592,-7.346
705.602,616.148,-7.381
707.688,616.670,-7.406
712.211,616.872,-7.440
714.363,617.313,-7.454
716.758,617.235,-7.480
721.020,617.996,-7.492
725.348,618.197,-7.513
727.562,618.148,-7.529
731.911,618.149,-7.552
734.123,617.693,-7.581
738.500,617.558,-7.614
742.745,616.725,-7.644
747.053,616.469,-7.671
749.236,616.470,-7.700
753.711,616.462,-7.718
755.981,616.429,-7.735
760.243,616.423,-7.749
762.439,616.530,-7.765
63.200,661.260,3.350
64.181,661.256,3.208
65.385,661.263,2.799
67.502,661.270,2.207
69.980,661.263,1.851
72.265,661.341,1.636
74.779,661.440,1.461
77.989,661.527,1.384
81.354,661.726,1.174
84.520,661.830,0.922
87.507,661.877,0.661
90.195,661.847,0.441
92.432,661.725,0.265
94.648,661.451,0.058
96.815,661.107,-0.305
100.350,660.174,-0.952
101.691,660.096,-1.075
106.297,660.673,-1.237
108.916,660.814,-1.367
113.942,660.554,-1.494
116.373,660.484,-1.581
121.017,660.743,-1.667
123.317,660.911,-1.720
125.713,660.906,-1.783
128.178,660.933,-1.840
133.347,660.910,-1.918
136.076,661.022,-1.995
144.589,661.044,-2.276
147.433,661.184,-2.370
153.090,661.178,-2.474
155.889,661.306,-2.568
158.712,661.374,-2.715
161.445,661.289,-2.829
166.525,661.409,-2.965
168.961,661.593,-3.077
173.459,661.074,-3.181
177.180,661.003,-3.209
178.658,661.145,-3.243
180.224,661.265,-3.252
183.898,661.214,-3.284
186.017,661.295,-3.302
191.081,661.915,-3.345
193.673,662.343,-3.387
198.460,663.293,-3.431
202.848,664.245,-3.455
204.953,664.967,-3.476
209.308,665.883,-3.485
211.494,666.461,-3.485
213.840,666.680,-3.473
218.753,667.362,-3.452
221.346,667.080,-3.409
226.524,666.696,-3.288
229.190,666.512,-3.143
234.365,665.469,-3.001
236.946,665.190,-2.859
241.730,664.357,-2.735
244.065,663.975,-2.691
248.385,663.494,-2.697
250.462,663.278,-2.717
254.737,663.128,-2.785
257.004,662.943,-2.877
261.597,663.066,-3.010
264.070,663.207,-3.137
269.550,663.742,-3.341
272.394,663.976,-3.414
280.163,664.855,-3.640
282.720,665.257,-3.760
285.165,665.063,-3.890
287.550,665.416,-3.963
292.116,665.369,-4.056
294.444,665.343,-4.144
299.362,665.216,-4.250
301.986,665.142,-4.340
307.410,664.587,-4.470
310.134,664.558,-4.513
317.694,664.039,-4.653
320.242,663.897,-4.702
325.593,663.738,-4.741
328.327,663.884,-4.774
331.178,663.656,-4.800
333.790,664.144,-4.814
338.977,663.894,-4.822
343.564,664.389,-4.842
345.795,664.666,-4.848
348.059,665.084,-4.848
352.558,665.060,-4.837
355.019,665.329,-4.830
360.693,665.072,-4.814
363.637,665.172,-4.799
368.927,664.972,-4.777
371.437,665.362,-4.766
376.216,665.286,-4.755
381.103,665.662,-4.748
383.631,665.836,-4.737
386.266,665.788,-4.737
391.498,665.714,-4.728
396.720,665.774,-4.713
399.223,665.629,-4.704
401.561,665.593,-4.703
405.776,665.865,-4.703
410.451,666.161,-4.711
413.076,665.771,-4.721
415.698,665.738,-4.733
421.285,665.444,-4.783
424.251,665.350,-4.812
430.063,664.761,-4.843
432.622,664.536,-4.874
436.995,664.379,-4.899
439.116,664.239,-4.882
443.740,664.010,-4.894
446.216,664.021,-4.875
457.126,663.722,-5.026
459.923,663.936,-5.039
462.558,663.885,-5.088
465.051,663.948,-5.117
472.216,664.200,-5.150
474.460,664.379,-5.168
476.821,664.632,-5.215
479.298,664.729,-5.254
488.197,664.785,-5.299
491.168,665.107,-5.335
494.015,665.162,-5.389
496.686,665.314,-5.413
503.659,665.847,-5.452
506.024,665.775,-5.490
508.396,665.869,-5.540
510.827,665.804,-5.572
518.888,665.392,-5.630
521.711,665.032,-5.630
527.091,664.818,-5.704
529.619,664.507,-5.740
534.675,664.546,-5.790
537.205,664.458,-5.821
542.286,664.246,-5.858
544.922,664.021,-5.879
547.552,663.943,-5.925
550.307,663.735,-5.951
555.406,663.396,-6.001
557.919,663.434,-6.046
563.100,663.344,-6.104
565.673,663.253,-6.150
570.684,663.483,-6.200
575.785,663.545,-6.230
578.341,663.482,-6.265
580.930,663.475,-6.287
586.279,663.478,-6.311
588.969,663.603,-6.343
594.274,663.669,-6.390
596.878,663.685,-6.435
602.025,664.186,-6.488
604.517,664.664,-6.531
611.760,665.633,-6.577
614.247,665.820,-6.606
616.727,666.328,-6.656
619.319,666.500,-6.680
624.428,666.521,-6.713
629.495,665.876,-6.738
632.081,665.716,-6.785
634.825,665.221,-6.800
640.251,664.735,-6.844
642.907,664.396,-6.872
648.112,664.298,-6.923
650.715,663.853,-6.945
655.691,663.806,-6.991
660.795,663.508,-7.024
665.848,663.043,-7.063
668.246,663.155,-7.084
670.724,663.303,-7.130
673.321,663.542,-7.157
680.564,665.202,-7.193
682.826,666.041,-7.230
685.266,666.757,-7.262
690.336,667.832,-7.281
692.941,668.218,-7.308
695.499,668.488,-7.328
700.522,668.803,-7.368
703.017,668.902,-7.403
708.142,668.940,-7.443
713.099,668.931,-7.473
718.357,668.664,-7.508
721.010,668.118,-7.520
726.204,667.916,-7.544
728.797,667.488,-7.567
731.305,667.745,-7.596
733.883,667.271,-7.612
738.874,667.322,-7.645
741.440,667.340,-7.666
746.329,667.810,-7.684
748.627,668.181,-7.701
753.324,668.459,-7.725
757.904,668.233,-7.736
760.383,668.274,-7.763
762.730,667.526,-7.785
57.247,707.790,3.315
57.740,707.816,3.199
59.093,707.813,2.943
60.959,707.830,2.592
62.881,707.862,2.336
64.915,707.878,2.015
67.202,707.829,1.757
69.835,707.738,1.542
72.880,707.595,1.353
76.096,707.459,1.106
79.097,707.253,0.844
81.934,707.060,0.614
84.822,706.807,0.391
87.323,706.642,0.186
89.693,706.476,0.029
91.958,706.189,-0.190
93.992,706.010,-0.492
95.875,705.913,-0.694
98.798,706.125,-0.958
100.376,706.461,-1.142
103.842,706.602,-1.318
105.361,706.647,-1.433
106.850,706.851,-1.587
108.463,706.917,-1.711
112.151,706.970,-1.865
114.035,706.916,-2.006
120.042,707.285,-2.149
122.146,707.325,-2.251
124.341,707.312,-2.478
126.591,707.196,-2.674
133.922,707.001,-2.865
136.622,706.964,-3.047
139.374,706.892,-3.250
142.125,706.775,-3.322
147.364,706.568,-3.396
152.065,706.231,-3.457
154.297,706.096,-3.516
156.574,705.885,-3.538
161.452,705.504,-3.555
163.919,705.108,-3.566
169.074,704.860,-3.580
171.862,704.844,-3.580
179.595,704.724,-3.645
181.749,704.876,-3.687
183.903,705.014,-3.711
186.142,704.956,-3.717
190.589,704.963,-3.708
192.795,704.978,-3.709
197.447,704.743,-3.709
200.043,704.773,-3.735
205.656,704.509,-3.714
208.243,704.389,-3.700
212.853,704.501,-3.616
215.249,704.730,-3.477
220.042,704.439,-3.268
222.272,704.403,-3.072
226.865,704.574,-2.866
229.375,704.439,-2.726
234.998,704.194,-2.637
237.930,704.171,-2.614
243.293,704.340,-2.648
245.566,704.394,-2.717
249.863,704.632,-2.808
252.046,704.542,-2.891
256.552,704.644,-3.026
258.911,704.581,-3.134
263.785,705.028,-3.269
266.329,705.114,-3.380
271.269,705.512,-3.521
273.672,705.528,-3.619
278.514,706.196,-3.769
281.045,706.245,-3.883
288.374,706.679,-4.018
290.908,706.758,-4.124
293.487,707.237,-4.262
296.096,707.249,-4.350
303.644,707.729,-4.513
306.168,707.927,-4.532
311.281,708.384,-4.641
313.973,708.275,-4.704
319.263,708.541,-4.767
321.795,708.636,-4.800
324.292,708.989,-4.835
329.130,708.986,-4.845
331.572,709.147,-4.854
333.961,708.929,-4.858
338.904,709.162,-4.866
343.883,708.776,-4.863
346.492,708.883,-4.861
349.120,708.720,-4.853
354.406,708.593,-4.836
356.768,708.287,-4.819
361.468,708.151,-4.792
363.825,707.583,-4.776
368.628,706.757,-4.758
371.033,706.437,-4.746
375.936,706.003,-4.728
378.536,705.648,-4.714
383.770,705.252,-4.715
386.256,705.087,-4.703
391.293,705.364,-4.699
393.860,705.255,-4.700
398.676,705.866,-4.702
401.057,706.095,-4.682
405.984,706.872,-4.694
408.442,707.137,-4.699
415.566,708.681,-4.717
418.038,709.265,-4.737
422.834,710.661,-4.774
425.178,711.082,-4.794
427.324,711.693,-4.841
429.447,712.445,-4.844
433.867,713.991,-4.847
436.113,714.934,-4.840
440.568,716.683,-4.830
445.470,718.339,-4.795
448.092,718.841,-4.846
450.710,719.086,-4.898
455.701,719.446,-4.946
458.184,719.302,-5.012
465.751,718.868,-5.079
468.251,718.239,-5.090
470.643,717.730,-5.116
473.000,717.264,-5.146
477.607,716.082,-5.181
482.340,715.295,-5.214
487.047,714.774,-5.262
489.521,714.123,-5.295
492.155,714.041,-5.347
494.825,713.659,-5.381
500.059,713.259,-5.429
505.321,712.866,-5.466
507.838,712.529,-5.521
510.322,712.454,-5.552
517.662,712.055,-5.619
520.293,711.512,-5.616
525.608,711.427,-5.689
528.226,711.206,-5.721
530.742,711.391,-5.771
533.297,711.183,-5.797
538.538,711.194,-5.833
541.114,711.359,-5.866
546.076,711.270,-5.909
548.522,711.251,-5.934
553.591,711.269,-5.994
556.157,711.532,-5.990
563.796,711.801,-6.086
566.279,712.096,-6.121
568.676,712.380,-6.169
570.953,712.791,-6.190
575.785,713.129,-6.231
578.312,713.146,-6.269
586.062,712.565,-6.319
588.615,712.154,-6.357
591.021,712.118,-6.416
593.501,711.527,-6.446
598.638,711.376,-6.492
601.181,711.081,-6.526
608.399,711.226,-6.575
611.015,711.262,-6.605
613.615,711.419,-6.656
616.168,711.962,-6.689
623.921,712.610,-6.768
626.552,712.527,-6.762
631.443,712.302,-6.792
633.835,712.352,-6.806
636.353,712.005,-6.833
639.029,711.879,-6.853
644.309,711.342,-6.891
647.074,711.236,-6.902
652.731,710.766,-6.968
657.774,710.240,-6.991
660.150,710.117,-7.034
662.544,709.482,-7.062
667.449,709.131,-7.097
669.747,708.999,-7.127
677.254,708.087,-7.179
679.949,707.536,-7.178
684.980,707.717,-7.227
687.525,707.463,-7.243
689.906,707.886,-7.282
692.606,708.163,-7.301
697.365,708.631,-7.341
702.080,709.694,-7.374
707.298,710.462,-7.405
709.831,710.546,-7.424
712.344,710.789,-7.451
717.597,710.653,-7.466
720.319,710.893,-7.499
725.596,710.228,-7.526
728.112,710.351,-7.552
730.506,709.895,-7.576
735.228,709.619,-7.603
740.232,709.118,-7.607
742.876,709.439,-7.639
748.538,709.023,-7.661
751.319,709.196,-7.683
754.056,709.228,-7.698
758.975,709.987,-7.721
761.334,710.423,-7.728
57.139,752.783,3.344
57.927,752.822,3.182
58.892,752.857,2.991
60.369,753.006,2.688
62.456,753.209,2.472
64.899,753.460,2.388
67.399,753.762,2.163
69.649,753.998,1.854
71.788,754.203,1.593
74.282,754.333,1.415
76.542,754.294,1.185
78.663,754.272,0.873
81.154,754.132,0.638
83.635,753.751,0.464
86.024,753.216,0.250
88.382,752.311,0.029
90.493,751.498,-0.227
92.057,750.165,-0.550
95.520,747.755,-0.922
97.140,747.430,-1.010
98.744,747.360,-1.198
101.641,747.261,-1.326
104.542,747.283,-1.448
106.136,747.650,-1.524
107.963,748.189,-1.598
112.266,748.808,-1.636
114.467,748.955,-1.677
118.967,749.622,-1.717
123.888,750.024,-1.764
126.439,750.414,-1.814
129.019,750.508,-1.908
131.543,750.731,-1.993
136.464,750.984,-2.095
138.872,751.195,-2.211
143.609,751.316,-2.332
145.808,751.452,-2.421
150.183,751.851,-2.550
152.503,752.019,-2.688
157.303,752.160,-2.872
159.688,752.318,-3.056
164.521,752.745,-3.298
167.128,752.902,-3.493
172.393,753.112,-3.666
175.005,753.271,-3.813
180.083,753.529,-3.825
185.022,753.381,-3.801
187.465,753.287,-3.757
189.871,753.139,-3.707
194.733,753.035,-3.664
199.626,753.350,-3.601
201.961,753.574,-3.554
204.268,753.578,-3.515
208.757,753.949,-3.386
211.137,753.716,-3.222
215.957,753.386,-3.029
218.375,753.085,-2.841
223.338,752.593,-2.530
225.909,752.356,-2.508
233.797,751.592,-2.498
236.224,751.369,-2.501
238.565,751.381,-2.562
240.824,751.142,-2.638
248.034,750.577,-2.730
250.479,750.829,-2.833
252.747,751.297,-2.968
254.995,751.654,-3.063
261.787,753.072,-3.173
264.215,753.380,-3.275
266.769,753.743,-3.398
269.271,753.987,-3.492
274.268,754.158,-3.613
276.837,754.214,-3.689
284.641,754.972,-4.032
287.165,755.051,-4.039
292.075,755.952,-4.169
294.732,756.065,-4.231
297.243,756.310,-4.315
299.660,756.059,-4.367
304.254,756.087,-4.439
306.599,755.672,-4.496
313.744,755.314,-4.556
316.114,755.700,-4.602
318.670,755.366,-4.657
321.283,755.517,-4.686
328.905,755.832,-4.709
331.536,755.786,-4.746
334.195,755.789,-4.743
339.572,756.172,-4.740
342.115,756.538,-4.736
347.074,756.674,-4.747
349.480,756.633,-4.750
352.025,756.607,-4.738
357.141,756.084,-4.728
359.514,755.659,-4.717
364.364,754.821,-4.701
366.784,754.134,-4.686
373.960,752.603,-4.668
376.424,752.336,-4.658
381.656,751.796,-4.655
384.337,751.612,-4.643
389.805,751.458,-4.631
392.637,750.967,-4.634
395.475,751.042,-4.638
400.783,751.017,-4.633
403.127,751.150,-4.663
407.541,751.355,-4.695
412.254,751.715,-4.750
414.768,752.077,-4.781
417.318,752.162,-4.795
422.654,752.767,-4.774
425.353,752.850,-4.824
427.844,753.200,-4.840
434.825,754.814,-4.881
437.245,755.391,-4.954
439.769,755.343,-5.021
442.323,755.728,-5.011
450.295,756.019,-4.997
452.804,755.727,-4.977
455.026,755.558,-4.969
457.067,755.294,-4.983
461.528,754.393,-5.042
464.010,754.073,-5.080
468.965,752.914,-5.112
474.122,752.211,-5.128
476.585,751.378,-5.095
479.047,751.398,-5.051
483.887,750.709,-5.086
486.433,751.039,-5.127
491.620,751.055,-5.197
493.961,751.630,-5.305
498.671,752.438,-5.403
503.594,753.043,-5.449
508.513,753.902,-5.506
511.011,753.835,-5.529
513.370,754.257,-5.574
518.277,754.486,-5.599
523.377,755.131,-5.649
525.900,755.213,-5.691
528.168,755.898,-5.742
530.655,756.187,-5.772
535.377,757.403,-5.818
537.722,758.142,-5.847
542.563,759.161,-5.897
545.013,759.777,-5.932
552.684,760.215,-6.018
555.278,760.039,-6.003
560.228,760.204,-6.073
562.703,759.995,-6.097
565.107,760.397,-6.146
570.029,760.144,-6.179
575.311,760.273,-6.250
577.916,760.195,-6.272
582.919,760.245,-6.324
585.406,760.146,-6.358
590.436,760.417,-6.414
593.064,760.305,-6.448
598.147,760.884,-6.490
600.736,761.170,-6.525
603.182,761.493,-6.576
605.583,761.866,-6.598
612.902,761.983,-6.638
615.567,761.499,-6.679
618.105,761.130,-6.725
620.604,760.669,-6.749
628.267,759.129,-6.801
630.780,758.667,-6.813
635.742,758.507,-6.839
638.194,757.721,-6.863
643.116,758.003,-6.909
645.688,757.491,-6.941
651.340,757.353,-6.983
654.089,757.058,-7.023
656.766,757.063,-7.059
659.317,757.143,-7.077
664.221,756.949,-7.110
666.629,756.949,-7.136
673.972,756.739,-7.160
676.402,756.486,-7.180
678.898,756.316,-7.215
681.409,756.069,-7.238
686.917,755.621,-7.265
692.331,754.938,-7.285
695.045,754.680,-7.321
697.625,754.146,-7.332
702.623,753.892,-7.363
705.080,753.666,-7.394
712.521,753.048,-7.429
715.050,753.072,-7.454
717.544,753.420,-7.498
720.249,753.215,-7.518
725.566,753.246,-7.536
730.621,753.646,-7.546
733.140,753.437,-7.574
735.785,753.467,-7.590
740.380,754.068,-7.629
742.751,754.583,-7.664
750.431,755.990,-7.699
752.735,756.491,-7.718
755.058,757.115,-7.748
760.006,757.563,-7.758
762.440,758.303,-7.776
59.768,799.141,3.175
61.717,799.132,2.945
64.063,799.141,2.599
66.748,799.136,2.306
69.756,799.125,2.133
72.833,799.133,1.930
75.924,799.212,1.738
78.994,799.321,1.539
81.997,799.409,1.300
84.942,799.456,0.971
87.984,799.419,0.665
90.980,799.277,0.546
93.443,799.074,0.419
95.498,798.945,0.195
97.250,798.852,-0.007
99.040,798.910,-0.399
101.104,798.704,-0.563
106.460,799.260,-0.879
107.924,799.057,-1.045
110.893,799.076,-1.252
112.481,798.818,-1.363
116.288,798.180,-1.499
118.390,797.888,-1.616
120.712,797.623,-1.746
126.072,797.320,-1.806
128.944,797.307,-1.880
134.485,797.809,-1.902
139.692,798.522,-1.954
142.338,798.416,-2.007
147.645,798.206,-2.107
150.127,797.803,-2.199
152.470,797.983,-2.316
157.510,797.973,-2.404
162.882,797.936,-2.517
165.319,798.047,-2.595
169.724,798.202,-2.704
171.936,798.532,-2.794
176.745,798.679,-2.901
179.334,798.709,-2.977
181.734,798.989,-3.009
184.030,799.422,-3.009
188.625,799.976,-2.999
193.781,799.807,-2.983
196.587,799.633,-2.953
199.659,799.150,-3.063
209.163,798.136,-3.099
212.006,797.875,-3.111
214.536,797.693,-3.069
216.881,797.800,-2.956
221.207,797.748,-2.807
223.414,797.895,-2.671
228.117,798.543,-2.553
230.761,798.820,-2.498
236.178,799.095,-2.492
238.852,799.199,-2.535
244.144,798.871,-2.618
246.795,798.604,-2.719
251.759,797.806,-2.856
254.183,797.485,-2.976
261.883,796.821,-3.103
264.570,796.651,-3.204
267.156,796.483,-3.363
269.660,796.608,-3.482
277.788,796.728,-3.619
280.394,796.794,-3.739
285.215,797.480,-3.870
287.535,797.435,-3.942
289.940,797.779,-4.046
292.411,798.005,-4.124
297.731,798.432,-4.288
303.496,798.509,-4.309
309.611,798.717,-4.406
312.492,798.531,-4.453
315.137,798.895,-4.506
320.058,798.734,-4.533
322.528,798.798,-4.554
324.954,798.789,-4.568
329.900,798.584,-4.586
335.435,798.043,-4.588
338.412,797.907,-4.602
344.035,797.674,-4.614
346.632,797.785,-4.611
349.118,797.656,-4.603
353.786,797.428,-4.597
358.790,796.804,-4.584
361.459,796.270,-4.577
364.205,795.593,-4.582
372.212,794.709,-4.583
374.814,794.740,-4.576
377.349,794.629,-4.569
379.807,794.427,-4.554
384.490,795.044,-4.549
389.342,795.731,-4.549
392.005,796.019,-4.554
394.805,796.233,-4.556
400.437,797.064,-4.621
403.338,797.477,-4.648
409.344,797.821,-4.657
412.075,797.824,-4.658
417.031,798.124,-4.696
422.050,798.181,-4.660
427.230,797.878,-4.689
430.010,797.730,-4.720
432.837,797.796,-4.743
435.639,797.614,-4.750
441.034,797.747,-4.769
443.668,797.825,-4.764
448.937,797.818,-4.778
451.519,797.871,-4.831
456.667,797.773,-4.889
459.320,798.214,-4.959
467.804,798.352,-4.999
470.687,798.128,-5.058
473.527,798.403,-5.149
476.396,798.602,-5.184
481.742,798.524,-5.231
484.179,798.328,-5.276
489.023,798.659,-5.320
494.116,798.625,-5.313
496.821,798.656,-5.359
499.657,798.487,-5.429
508.735,798.924,-5.493
511.615,799.067,-5.547
514.319,799.468,-5.617
519.683,799.996,-5.645
522.304,800.138,-5.685
524.878,799.991,-5.710
529.742,800.021,-5.744
532.343,799.735,-5.781
538.031,799.694,-5.828
541.010,799.560,-5.891
549.293,799.993,-5.990
551.934,800.473,-6.015
557.323,801.264,-6.071
559.896,801.680,-6.111
564.927,802.420,-6.149
567.524,802.644,-6.177
570.138,802.612,-6.230
572.847,802.806,-6.260
581.123,802.514,-6.350
583.946,802.347,-6.328
589.644,802.174,-6.417
592.522,801.777,-6.451
598.004,802.085,-6.498
600.701,801.919,-6.520
603.204,802.260,-6.562
605.839,802.043,-6.589
611.262,802.238,-6.657
614.199,801.995,-6.654
622.471,802.292,-6.730
625.075,802.844,-6.759
627.570,803.005,-6.810
630.148,803.041,-6.839
637.933,802.445,-6.884
640.715,801.716,-6.920
646.388,800.403,-6.963
648.959,799.807,-6.990
654.208,799.048,-7.022
656.869,798.671,-7.038
659.604,798.475,-7.082
662.270,798.150,-7.115
667.779,797.959,-7.190
673.359,798.168,-7.184
678.857,798.417,-7.236
681.653,798.616,-7.255
684.277,798.871,-7.287
686.928,799.063,-7.302
694.766,799.728,-7.324
697.398,799.866,-7.340
700.012,800.296,-7.378
702.574,800.340,-7.402
710.738,800.672,-7.437
713.208,800.706,-7.458
715.764,801.000,-7.500
718.418,800.489,-7.520
724.079,800.152,-7.538
729.413,800.000,-7.558
732.073,800.144,-7.594
734.771,800.631,-7.618
740.255,801.089,-7.648
742.697,801.653,-7.684
747.784,802.107,-7.713
753.349,802.033,-7.735
756.135,801.763,-7.763
758.685,801.858,-7.787
764.086,802.156,-7.822
62.425,815.391,2.805
63.265,816.586,2.721
64.178,817.584,2.641
65.500,818.764,2.503
67.091,819.746,2.366
68.814,820.601,2.221
71.151,821.380,2.050
73.433,821.926,1.981
75.522,822.512,1.925
77.756,823.235,1.809
79.975,823.827,1.650
81.961,824.358,1.421
83.761,824.764,1.187
85.382,825.076,1.002
87.245,825.375,0.818
89.446,825.274,0.643
91.741,824.987,0.485
93.851,824.900,0.353
95.804,824.882,0.209
97.711,824.809,0.049
99.988,824.696,-0.220
103.723,824.506,-0.839
105.098,824.400,-0.863
108.655,824.050,-1.195
110.686,823.935,-1.362
113.879,824.025,-1.529
115.263,823.780,-1.635
118.869,823.696,-1.723
120.613,823.941,-1.777
124.561,824.338,-1.842
126.084,824.667,-1.902
128.591,825.201,-1.953
129.964,825.329,-1.981
131.019,825.204,-1.989
134.200,825.933,-1.958
138.648,826.491,-1.881
141.108,826.437,-1.777
146.600,826.347,-1.660
149.580,826.488,-1.576
152.331,826.543,-1.495
157.872,827.548,-1.460
163.185,827.334,-1.458
165.729,826.384,-1.468
168.250,825.845,-1.479
173.756,825.064,-1.504
182.602,824.252,-1.537
185.309,824.091,-1.557
190.759,823.151,-1.597
193.833,822.810,-1.645
199.383,822.467,-1.683
202.080,822.964,-1.718
207.369,823.892,-1.774
210.078,824.430,-1.831
215.658,824.650,-1.902
218.604,824.625,-1.968
224.598,824.646,-2.097
227.262,824.894,-2.217
232.542,825.208,-2.344
235.566,825.046,-2.457
240.753,824.808,-2.615
243.414,824.314,-2.721
248.785,823.410,-2.846
251.499,823.012,-2.958
256.781,822.461,-3.086
259.485,822.473,-3.193
265.006,821.719,-3.322
267.853,821.599,-3.444
273.563,821.010,-3.560
276.107,821.018,-3.683
278.909,820.690,-3.811
286.452,820.437,-3.924
291.816,820.913,-4.023
296.985,821.180,-4.136
299.500,821.747,-4.207
304.379,822.244,-4.275
306.522,822.357,-4.333
311.467,822.493,-4.386
316.534,822.491,-4.412
319.031,822.922,-4.451
325.380,824.348,-4.479
330.112,824.046,-4.500
332.480,824.130,-4.518
337.091,824.015,-4.536
339.465,823.779,-4.541
344.177,823.839,-4.547
346.652,823.387,-4.557
350.995,823.795,-4.559
353.397,823.857,-4.563
355.481,824.167,-4.564
360.442,823.507,-4.565
362.562,823.310,-4.557
364.998,822.960,-4.554
371.505,822.503,-4.553
373.865,822.171,-4.558
378.633,821.821,-4.551
381.195,821.680,-4.550
385.675,822.036,-4.553
387.901,822.111,-4.554
392.664,822.422,-4.555
394.823,822.532,-4.562
399.606,822.971,-4.568
402.051,823.154,-4.572
404.412,823.259,-4.587
409.257,823.328,-4.611
413.784,823.406,-4.665
416.084,823.437,-4.703
418.349,823.242,-4.752
420.874,823.346,-4.779
427.977,823.072,-4.765
430.334,822.885,-4.724
434.743,822.596,-4.723
437.285,822.592,-4.694
441.850,821.906,-4.707
443.947,821.982,-4.735
448.635,821.281,-4.791
450.907,821.478,-4.816
455.243,821.112,-4.873
457.276,822.005,-4.885
461.825,822.458,-4.948
463.928,823.214,-4.975
468.136,824.199,-4.991
470.315,824.852,-5.010
472.385,825.305,-5.054
477.034,825.497,-5.049
481.425,825.398,-5.122
483.267,826.127,-5.184
487.644,826.651,-5.222
489.802,826.876,-5.277
494.444,827.077,-5.350
496.455,827.079,-5.364
500.622,826.570,-5.423
502.981,826.047,-5.490
507.332,825.332,-5.537
509.199,825.102,-5.583
513.490,824.445,-5.617
515.880,823.731,-5.642
518.193,823.748,-5.678
522.404,823.019,-5.710
526.691,822.835,-5.742
528.900,822.457,-5.779
531.397,823.015,-5.823
535.671,822.729,-5.880
539.829,822.591,-5.919
542.383,823.023,-5.953
544.435,822.778,-6.006
548.978,822.835,-6.035
553.445,822.344,-6.052
555.681,822.733,-6.079
560.551,822.474,-6.121
562.672,822.847,-6.140
565.025,822.702,-6.178
566.994,823.055,-6.199
571.251,822.692,-6.253
575.982,822.388,-6.288
581.903,822.399,-6.355
586.051,822.781,-6.400
590.269,823.139,-6.454
592.617,823.627,-6.480
594.677,823.815,-6.524
599.133,823.917,-6.536
603.626,823.801,-6.571
605.849,823.737,-6.604
610.173,823.647,-6.644
612.386,823.289,-6.680
614.582,823.606,-6.727
618.985,822.987,-6.738
623.706,823.173,-6.773
625.644,822.670,-6.799
630.182,822.766,-6.826
632.161,822.666,-6.842
636.492,823.124,-6.890
638.872,822.928,-6.931
641.246,823.626,-6.966
645.678,823.982,-7.009
649.921,825.277,-7.046
652.378,825.213,-7.083
656.891,826.200,-7.111
658.941,826.364,-7.132
662.959,826.243,-7.145
665.076,826.126,-7.163
667.112,825.568,-7.175
671.139,824.186,-7.191
675.179,823.035,-7.243
677.297,822.471,-7.271
681.662,822.318,-7.306
683.611,821.995,-7.337
685.867,822.370,-7.353
689.901,822.326,-7.351
694.065,822.921,-7.361
696.366,822.362,-7.375
700.828,822.564,-7.382
703.038,822.694,-7.403
707.293,823.007,-7.423
709.675,823.456,-7.449
714.212,823.439,-7.473
716.349,824.060,-7.505
720.493,824.387,-7.529
722.814,824.329,-7.549
727.066,823.979,-7.580
729.213,823.428,-7.597
732.757,821.935,-7.629
734.745,821.113,-7.639
737.990,818.619,-7.667
739.784,817.843,-7.678
743.273,815.974,-7.696
745.240,815.633,-7.712
749.057,814.792,-7.740
750.927,815.284,-7.754
754.448,816.165,-7.773
756.111,817.269,-7.797
759.826,818.279,-7.811
761.502,819.307,-7.830
133.509,869.714,-2.211
141.820,869.654,-2.330
144.436,869.711,-2.414
146.960,869.707,-2.479
149.526,869.990,-2.496
154.463,869.767,-2.519
156.809,870.191,-2.533
161.348,870.405,-2.517
163.735,870.548,-2.472
168.484,870.577,-2.429
170.809,870.402,-2.352
175.566,870.613,-2.262
178.189,870.416,-2.182
183.701,870.308,-2.118
186.344,870.055,-2.054
191.234,870.290,-2.014
193.643,870.195,-1.976
198.343,870.630,-1.941
200.703,870.236,-1.904
205.550,870.511,-1.869
210.682,870.484,-1.841
216.346,870.295,-1.828
219.194,870.703,-1.840
222.261,870.703,-1.930
225.188,871.083,-2.039
233.677,871.518,-2.164
236.118,871.253,-2.295
238.214,870.856,-2.467
240.277,870.745,-2.576
244.244,870.012,-2.700
246.371,869.699,-2.829
250.831,869.177,-2.985
253.278,868.970,-3.107
258.786,868.232,-3.294
261.493,868.013,-3.373
270.024,867.958,-3.651
272.921,867.908,-3.724
278.234,868.351,-3.840
280.896,868.341,-3.921
286.156,868.908,-4.003
288.692,869.300,-4.065
291.245,869.598,-4.140
293.870,869.949,-4.201
301.577,870.546,-4.269
304.126,870.446,-4.322
308.984,870.514,-4.388
311.290,870.088,-4.416
313.600,869.763,-4.451
318.558,868.980,-4.478
321.206,868.848,-4.506
326.452,868.224,-4.518
331.546,868.280,-4.537
334.211,868.256,-4.543
337.079,868.282,-4.547
342.458,867.999,-4.551
344.918,868.250,-4.554
347.448,868.220,-4.557
354.788,867.884,-4.557
357.137,867.805,-4.556
359.567,867.840,-4.546
362.007,868.081,-4.546
367.377,868.715,-4.545
373.226,869.706,-4.553
376.032,870.196,-4.557
378.721,870.845,-4.567
384.019,871.619,-4.565
388.744,872.233,-4.561
390.912,872.588,-4.555
395.733,872.717,-4.558
401.419,872.848,-4.563
404.379,872.722,-4.632
410.372,872.916,-4.666
413.268,872.721,-4.688
416.078,872.827,-4.715
418.664,872.823,-4.698
423.540,872.982,-4.697
425.981,872.590,-4.697
430.973,872.914,-4.760
433.582,872.606,-4.826
441.703,872.571,-4.990
444.507,872.743,-5.043
449.972,872.771,-4.979
452.590,872.742,-4.974
455.114,872.732,-4.954
460.526,872.625,-4.971
466.068,872.208,-4.941
468.867,871.976,-5.084
474.436,871.213,-5.111
477.147,871.113,-5.268
482.602,870.893,-5.098
488.048,870.489,-5.086
495.584,869.632,-5.229
498.055,869.425,-5.310
500.587,869.137,-5.398
505.652,868.817,-5.476
508.286,868.848,-5.526
511.100,868.669,-5.604
519.698,868.249,-5.700
522.363,868.224,-5.723
527.725,867.364,-5.788
530.523,867.375,-5.831
533.220,867.143,-5.875
538.454,866.868,-5.909
543.426,866.823,-5.953
546.048,866.688,-5.980
548.685,866.871,-6.026
551.240,867.221,-6.072
558.922,868.403,-6.145
561.596,868.517,-6.174
567.327,869.011,-6.230
570.253,868.605,-6.267
573.017,868.911,-6.314
575.815,868.910,-6.343
583.821,868.565,-6.407
586.253,868.555,-6.408
591.622,868.435,-6.474
594.605,868.321,-6.505
597.626,868.075,-6.557
600.690,868.056,-6.599
608.984,867.348,-6.666
611.474,867.091,-6.673
616.396,867.094,-6.728
618.964,866.813,-6.761
624.378,866.901,-6.804
627.276,866.668,-6.833
630.058,866.758,-6.881
632.857,866.700,-6.906
638.424,866.866,-6.942
641.145,866.703,-6.963
648.563,867.056,-7.005
651.296,866.834,-7.002
657.135,866.531,-7.086
660.074,866.656,-7.127
665.915,866.852,-7.167
668.643,867.118,-7.187
671.214,867.207,-7.213
673.545,867.727,-7.228
678.089,868.718,-7.252
680.529,869.207,-7.280
685.292,870.161,-7.315
690.312,871.436,-7.342
693.021,871.202,-7.378
698.299,871.096,-7.406
700.592,870.833,-7.432
705.160,870.594,-7.450
707.434,870.601,-7.481
709.613,870.698,-7.511
716.294,870.954,-7.533
718.512,870.780,-7.549
720.741,870.382,-7.575
722.648,869.366,-7.594
726.626,867.382,-7.615
734.173,861.527,-7.634
735.853,860.396,-7.666
739.278,859.067,-7.687
743.267,858.146,-7.711
745.511,858.235,-7.725
749.991,858.874,-7.748
751.999,859.734,-7.763
753.751,860.993,-7.785
755.619,862.333,-7.795
760.605,867.383,-7.817
762.359,869.083,-7.838
764.391,870.640,-7.864
61.724,894.412,2.932
61.988,896.129,2.899
63.204,887.588,2.760
64.749,885.331,2.602
66.876,883.518,2.504
69.370,882.280,2.396
72.341,881.854,2.171
75.490,882.137,1.769
78.642,883.319,1.306
81.341,884.843,1.028
83.912,886.245,0.868
86.617,887.610,0.727
89.653,888.916,0.508
92.515,890.060,0.282
94.971,891.030,0.069
96.938,891.740,-0.107
99.123,892.410,-0.354
101.409,893.260,-0.724
105.806,894.068,-1.149
107.982,894.391,-1.509
113.685,895.245,-1.823
115.867,895.134,-2.155
118.153,895.270,-2.293
131.058,895.966,-2.578
135.587,896.404,-2.709
138.686,896.792,-2.723
145.431,898.208,-2.802
147.934,898.449,-2.918
153.446,899.193,-3.072
156.496,899.201,-3.203
162.394,899.112,-3.387
165.365,899.353,-3.426
174.337,899.745,-3.364
177.346,899.785,-3.343
180.223,900.203,-3.273
183.054,899.920,-3.211
191.008,898.270,-3.128
193.636,897.313,-3.059
196.236,896.980,-2.946
199.138,896.354,-2.878
204.664,896.575,-2.754
207.544,895.688,-2.644
212.830,894.954,-2.485
215.630,894.266,-2.350
223.305,892.313,-2.203
226.197,892.263,-2.157
229.019,892.392,-2.141
234.639,892.014,-2.198
240.114,890.749,-2.347
242.542,890.332,-2.519
248.010,890.194,-2.786
250.789,890.026,-2.860
259.701,891.171,-3.312
262.347,891.820,-3.348
268.340,892.454,-3.565
271.002,892.376,-3.622
279.836,892.887,-3.682
293.630,893.195,-4.267
301.451,892.127,-4.350
306.675,891.837,-4.440
309.245,891.142,-4.489
312.046,891.067,-4.529
319.122,891.374,-4.562
324.132,891.547,-4.594
326.678,891.687,-4.618
331.777,892.071,-4.641
334.315,892.440,-4.654
339.000,893.385,-4.652
341.192,893.804,-4.660
348.852,893.899,-4.607
354.271,894.247,-4.591
359.154,894.765,-4.609
361.535,895.042,-4.608
364.169,894.675,-4.611
369.133,895.697,-4.603
371.593,896.325,-4.592
376.409,897.086,-4.593
379.024,897.337,-4.594
384.232,897.268,-4.593
386.515,897.494,-4.591
388.872,897.147,-4.598
393.685,897.266,-4.594
396.292,897.013,-4.590
403.898,897.718,-4.602
406.198,898.546,-4.619
408.508,898.643,-4.628
413.253,899.393,-4.646
415.773,898.996,-4.675
420.268,898.710,-4.687
422.771,898.303,-4.734
427.570,897.254,-4.800
432.596,895.880,-4.834
435.264,895.862,-4.860
439.902,895.018,-4.901
442.526,895.435,-4.881
447.756,894.402,-4.853
450.388,894.736,-4.883
452.902,894.060,-4.910
457.810,894.468,-4.937
462.752,894.178,-4.986
465.400,894.192,-5.048
468.010,893.852,-5.102
473.056,893.968,-5.140
475.535,893.487,-5.168
480.471,893.139,-5.196
482.975,892.327,-5.224
487.891,892.296,-5.231
490.311,891.967,-5.283
492.763,892.663,-5.348
502.575,891.798,-5.456
505.045,891.522,-5.516
510.088,890.788,-5.554
512.372,890.399,-5.604
514.927,889.931,-5.652
519.614,889.344,-5.692
524.436,889.177,-5.744
526.872,888.771,-5.775
529.287,889.205,-5.826
531.554,889.344,-5.874
541.253,890.515,-5.911
545.816,891.426,-5.968
547.849,891.481,-6.032
550.510,892.165,-6.076
559.362,893.356,-6.124
563.738,895.025,-6.183
566.067,895.559,-6.231
570.581,896.817,-6.269
572.891,897.077,-6.307
575.403,897.158,-6.345
580.116,897.062,-6.374
584.636,896.454,-6.415
586.806,895.985,-6.451
589.403,895.315,-6.493
594.275,894.437,-6.523
596.405,893.433,-6.560
598.861,893.007,-6.590
605.771,892.603,-6.628
607.946,892.961,-6.651
612.785,893.051,-6.694
615.281,892.335,-6.727
620.009,891.960,-6.765
622.076,891.090,-6.799
626.475,889.893,-6.838
628.878,889.334,-6.846
631.071,888.791,-6.875
635.579,887.809,-6.910
637.680,886.637,-6.944
644.747,885.854,-6.981
646.981,885.898,-7.032
651.669,885.637,-7.064
653.891,885.785,-7.089
656.447,886.096,-7.121
663.022,887.525,-7.144
665.229,888.568,-7.163
669.910,889.117,-7.198
672.009,890.319,-7.233
674.413,889.962,-7.254
679.028,890.892,-7.288
683.637,891.615,-7.322
686.056,892.156,-7.335
690.858,892.661,-7.353
693.121,892.642,-7.375
695.687,892.970,-7.389
700.296,892.999,-7.415
705.125,893.111,-7.444
707.769,892.936,-7.464
710.300,893.067,-7.491
715.368,893.540,-7.519
717.862,893.706,-7.542
722.819,893.989,-7.571
727.574,893.987,-7.604
730.069,893.995,-7.624
732.433,893.525,-7.649
734.848,893.268,-7.671
742.035,892.470,-7.686
744.450,892.250,-7.709
749.111,891.831,-7.725
753.874,891.417,-7.743
756.250,891.097,-7.769
760.917,890.995,-7.794
763.199,890.393,-7.818
58.904,931.968,3.157
59.180,930.499,3.105
59.932,931.626,2.985
60.786,932.607,2.886
61.934,933.808,2.707
62.983,935.129,2.573
63.346,935.491,2.518
63.851,933.978,2.469
64.341,932.979,2.390
65.034,931.907,2.320
66.334,930.593,2.184
68.205,929.346,2.029
70.449,928.618,1.759
72.576,928.147,1.441
74.626,927.906,1.335
76.770,927.800,1.286
79.104,927.686,1.217
81.583,927.634,1.059
84.142,927.636,0.870
86.658,927.723,0.714
88.925,927.835,0.604
91.079,927.984,0.464
92.996,928.103,0.387
94.999,928.144,0.279
97.121,928.086,0.124
99.335,928.052,-0.096
101.503,927.994,-0.529
105.952,927.994,-0.959
108.514,927.768,-1.309
112.454,927.617,-1.600
113.946,927.478,-1.792
116.454,927.083,-1.962
118.054,926.934,-2.064
121.207,926.483,-2.173
122.725,926.396,-2.262
125.211,925.738,-2.334
126.558,925.849,-2.373
127.907,925.747,-2.365
129.265,925.917,-2.331
133.937,927.047,-2.314
135.785,927.623,-2.305
139.945,928.218,-2.351
141.865,928.602,-2.490
146.024,928.775,-2.709
148.065,928.827,-2.909
152.762,928.842,-3.157
155.074,928.814,-3.359
159.404,929.174,-3.501
161.593,929.126,-3.567
164.047,929.298,-3.619
166.454,929.022,-3.618
171.535,928.687,-3.607
176.182,928.167,-3.607
180.681,927.449,-3.487
183.163,927.903,-3.506
187.790,927.417,-3.468
189.873,928.096,-3.452
194.388,928.065,-3.439
198.924,927.980,-3.420
201.113,928.427,-3.408
205.659,927.896,-3.387
207.811,928.068,-3.328
210.179,927.914,-3.252
214.740,928.217,-3.112
216.966,928.204,-3.039
223.784,928.524,-2.539
226.127,928.585,-2.422
230.962,928.385,-2.364
233.330,928.561,-2.342
237.870,928.749,-2.377
239.940,928.903,-2.458
244.653,929.190,-2.564
246.921,929.671,-2.677
251.179,929.820,-2.815
253.261,929.640,-2.930
257.765,929.236,-3.058
260.005,929.461,-3.172
264.184,929.177,-3.297
266.266,929.749,-3.396
271.018,929.837,-3.513
273.139,929.953,-3.625
277.697,930.197,-3.761
280.008,929.845,-3.886
284.534,929.711,-4.011
286.779,929.477,-4.123
291.450,929.253,-4.241
293.777,929.180,-4.327
298.369,929.254,-4.408
300.650,929.528,-4.473
305.322,929.481,-4.540
307.465,929.960,-4.582
309.868,930.104,-4.654
312.110,929.909,-4.669
326.414,930.764,-4.800
348.737,931.111,-4.656
355.568,931.548,-4.664
357.682,931.315,-4.670
359.842,931.037,-4.656
364.182,930.401,-4.648
366.569,930.407,-4.637
368.763,930.563,-4.635
375.145,930.284,-4.616
377.315,929.579,-4.608
381.261,928.451,-4.597
383.373,927.585,-4.601
387.446,926.337,-4.593
389.254,925.856,-4.596
392.840,925.822,-4.591
394.944,925.595,-4.589
396.801,926.319,-4.584
400.817,926.923,-4.596
402.714,927.229,-4.606
406.732,927.823,-4.615
408.832,928.080,-4.604
411.075,928.212,-4.593
417.701,928.348,-4.581
419.846,927.956,-4.595
424.482,928.205,-4.623
426.902,927.993,-4.685
431.430,928.055,-4.740
433.910,927.943,-4.785
438.465,927.167,-4.813
440.797,927.109,-4.841
443.215,926.443,-4.869
447.857,926.507,-4.898
452.237,926.184,-4.948
454.359,926.248,-4.965
459.119,926.781,-5.005
461.490,926.579,-5.037
466.090,927.258,-5.079
468.373,926.963,-5.113
472.928,926.852,-5.158
475.163,926.654,-5.188
477.571,926.129,-5.238
482.258,925.663,-5.271
486.887,924.971,-5.354
489.311,924.743,-5.352
493.723,924.110,-5.413
496.074,924.503,-5.442
500.668,923.872,-5.488
503.015,924.588,-5.533
507.565,924.607,-5.580
509.780,925.055,-5.602
514.067,925.401,-5.658
516.440,925.765,-5.698
520.867,925.822,-5.731
523.039,925.877,-5.769
527.541,926.083,-5.817
529.641,926.398,-5.851
531.821,926.738,-5.892
538.089,927.820,-5.930
542.545,928.182,-5.977
544.754,928.327,-6.014
549.200,928.325,-6.048
551.275,928.454,-6.079
553.640,928.409,-6.115
557.964,927.690,-6.140
561.978,926.490,-6.179
564.288,925.923,-6.210
568.544,924.694,-6.244
570.824,924.805,-6.284
575.158,924.430,-6.321
577.349,924.307,-6.352
579.610,924.007,-6.391
584.028,923.820,-6.428
588.267,924.710,-6.459
590.414,924.667,-6.501
594.781,925.762,-6.556
597.048,926.395,-6.595
601.317,926.987,-6.637
603.309,927.069,-6.669
607.552,927.102,-6.698
609.583,927.191,-6.718
612.020,927.055,-6.743
616.446,926.913,-6.767
620.725,926.883,-6.798
623.069,926.699,-6.818
625.184,926.824,-6.850
629.913,926.475,-6.878
634.410,926.169,-6.910
636.579,926.899,-6.938
638.799,926.608,-6.977
643.135,926.721,-7.000
645.322,926.493,-7.037
647.330,925.900,-7.075
653.910,925.165,-7.106
656.287,925.742,-7.139
658.480,924.927,-7.175
662.933,925.755,-7.201
664.881,925.263,-7.214
668.895,925.679,-7.246
672.982,925.346,-7.271
675.041,924.758,-7.282
677.144,924.126,-7.303
681.494,923.310,-7.328
685.722,923.857,-7.348
689.584,924.435,-7.365
693.627,924.487,-7.390
695.682,925.070,-7.405
697.778,925.232,-7.432
702.211,925.752,-7.456
704.519,925.724,-7.476
706.900,925.715,-7.494
711.379,926.472,-7.522
715.450,927.466,-7.545
719.845,927.215,-7.563
721.867,926.455,-7.583
726.160,926.789,-7.616
728.165,926.756,-7.633
732.437,927.062,-7.652
734.348,927.469,-7.672
736.627,927.437,-7.703
738.803,927.379,-7.722
743.179,927.112,-7.744
747.411,926.804,-7.762
749.711,926.904,-7.780
754.062,925.930,-7.798
758.165,925.551,-7.817
760.437,925.847,-7.838
764.586,925.669,-7.876
61.151,961.279,2.755
61.663,960.725,2.710
62.482,959.948,2.613
63.841,959.018,2.480
65.358,958.266,2.296
67.210,957.722,2.142
69.612,957.454,1.837
72.331,957.564,1.529
74.652,957.932,1.440
76.822,958.411,1.365
79.107,958.826,1.280
81.736,959.200,1.072
84.649,959.406,0.889
87.511,959.503,0.758
90.212,959.476,0.610
92.796,959.393,0.347
95.492,959.300,0.104
97.914,959.226,-0.123
101.999,959.137,-0.550
104.098,959.040,-0.846
108.912,958.750,-1.141
110.769,958.561,-1.383
114.578,958.319,-1.694
116.778,958.103,-1.950
121.283,957.623,-2.219
123.291,957.562,-2.449
127.258,957.555,-2.638
129.505,957.568,-2.740
134.117,957.645,-2.849
136.294,957.714,-2.906
138.519,957.800,-2.930
142.515,957.717,-2.924
144.113,957.736,-2.923
145.629,957.750,-2.904
148.174,957.962,-2.928
151.556,958.058,-3.009
155.920,957.929,-3.156
158.313,957.598,-3.297
163.472,957.342,-3.505
169.021,957.188,-3.748
178.903,958.457,-3.794
186.436,959.320,-3.665
188.823,959.294,-3.711
196.111,960.220,-3.323
203.631,961.196,-2.586
205.896,962.150,-2.454
210.573,962.649,-2.193
213.105,962.836,-2.096
215.903,962.513,-2.073
220.705,963.217,-2.121
225.430,963.409,-2.194
227.849,963.253,-2.279
232.847,963.296,-2.386
235.173,963.226,-2.497
239.971,963.436,-2.607
242.292,963.388,-2.717
247.240,963.124,-2.848
249.773,962.911,-2.978
254.856,962.611,-3.114
257.538,962.398,-3.241
262.335,962.216,-3.386
264.660,962.309,-3.512
269.773,961.935,-3.636
272.321,961.879,-3.759
277.396,961.477,-3.903
279.674,961.493,-4.013
284.544,961.174,-4.146
287.148,961.147,-4.254
292.205,960.963,-4.360
294.595,960.940,-4.445
297.006,960.530,-4.536
302.048,960.264,-4.597
306.888,960.381,-4.654
309.271,960.598,-4.689
311.643,960.411,-4.714
314.248,960.173,-4.723
321.474,960.211,-4.724
323.726,960.158,-4.729
328.746,960.403,-4.730
331.352,959.815,-4.739
336.217,960.365,-4.743
338.727,960.040,-4.753
341.009,960.785,-4.740
345.927,960.471,-4.733
350.814,960.483,-4.703
353.098,960.664,-4.687
357.968,960.651,-4.655
360.604,960.862,-4.637
362.922,960.772,-4.613
367.934,960.961,-4.608
372.855,961.233,-4.591
375.374,961.274,-4.580
377.705,961.447,-4.565
382.607,961.669,-4.552
387.508,961.529,-4.512
392.454,961.029,-4.552
395.014,960.711,-4.627
397.232,960.710,-4.543
406.606,960.917,-4.630
411.453,960.758,-4.778
413.722,960.997,-4.735
418.331,961.094,-4.757
420.614,960.428,-4.736
425.340,960.659,-4.744
427.554,960.091,-4.766
430.015,960.520,-4.794
434.727,959.990,-4.813
437.192,960.149,-4.878
439.616,959.838,-4.949
444.293,960.070,-4.958
448.738,960.422,-4.976
453.557,960.779,-5.052
456.188,960.523,-5.103
461.154,960.613,-5.086
463.632,961.122,-5.108
468.193,961.558,-5.200
470.509,962.444,-5.225
475.324,962.824,-5.224
477.475,963.276,-5.269
484.785,963.329,-5.333
487.151,963.236,-5.336
491.711,962.493,-5.362
493.841,962.231,-5.405
496.229,962.035,-5.458
498.628,961.499,-5.500
503.677,960.818,-5.552
508.352,960.980,-5.594
510.826,960.605,-5.643
515.192,960.820,-5.688
517.560,960.779,-5.732
522.432,960.214,-5.751
527.142,959.318,-5.787
529.421,959.130,-5.817
534.168,958.149,-5.865
536.564,957.688,-5.854
561.319,957.092,-6.207
563.516,957.073,-6.239
568.157,957.339,-6.276
570.398,957.286,-6.308
572.551,957.588,-6.341
577.008,957.582,-6.356
579.144,957.797,-6.391
583.721,958.173,-6.418
586.090,958.041,-6.455
590.708,958.789,-6.493
593.144,958.545,-6.544
595.434,958.839,-6.572
599.917,959.214,-6.617
602.313,959.333,-6.644
609.387,959.730,-6.679
611.848,960.081,-6.703
614.021,960.149,-6.752
618.728,960.411,-6.786
623.451,960.736,-6.836
625.654,961.189,-6.879
630.384,961.526,-6.927
632.853,961.919,-6.949
637.596,962.612,-6.990
639.824,962.740,-7.013
642.164,963.047,-7.040
646.873,963.579,-7.062
651.506,964.055,-7.101
653.859,964.091,-7.113
658.329,963.733,-7.138
660.460,963.070,-7.162
662.715,962.675,-7.190
667.013,961.584,-7.218
671.507,961.037,-7.256
673.967,960.477,-7.276
678.635,959.783,-7.302
680.941,960.146,-7.327
683.064,959.696,-7.343
687.470,959.811,-7.369
689.750,959.713,-7.403
694.143,960.088,-7.434
698.391,960.113,-7.466
700.811,960.292,-7.487
705.530,959.971,-7.513
707.835,960.408,-7.526
712.388,960.526,-7.545
714.452,961.011,-7.559
716.915,960.871,-7.584
721.629,961.120,-7.596
724.022,961.056,-7.625
728.482,961.401,-7.652
733.044,961.161,-7.677
735.421,961.041,-7.699
737.778,960.515,-7.736
742.362,960.347,-7.754
746.972,959.970,-7.769
749.315,959.459,-7.797
753.992,959.064,-7.831
756.167,958.731,-7.853
758.644,958.568,-7.899
763.352,958.274,-7.925
54.468,1005.877,3.923
55.458,1005.798,3.637
57.361,1005.756,3.242
59.608,1005.618,2.958
61.723,1005.482,2.708
64.011,1005.392,2.456
66.813,1005.326,2.371
69.700,1005.310,2.284
72.106,1005.319,1.933
74.529,1005.407,1.681
77.170,1005.559,1.482
79.815,1005.776,1.218
82.190,1005.926,1.039
84.270,1006.043,0.838
86.472,1006.101,0.737
88.261,1006.045,0.623
90.142,1005.939,0.439
92.148,1006.040,0.398
93.439,1005.899,0.296
94.252,1005.866,0.230
96.673,1006.129,-0.297
98.837,1006.037,-0.585
104.094,1006.124,-0.987
106.736,1005.927,-1.286
111.527,1005.755,-1.604
113.752,1005.649,-1.860
118.177,1005.587,-2.131
120.481,1005.474,-2.348
125.355,1005.324,-2.588
127.893,1005.286,-2.760
132.887,1005.150,-2.910
135.432,1005.208,-2.985
138.042,1005.145,-3.045
140.673,1004.987,-3.052
148.979,1004.635,-3.087
151.733,1004.477,-3.103
156.799,1004.541,-3.164
159.178,1004.464,-3.217
164.001,1004.289,-3.274
166.544,1004.234,-3.276
169.096,1004.159,-3.239
171.593,1003.905,-3.146
176.616,1003.878,-2.994
179.222,1003.864,-2.818
184.651,1004.196,-2.632
187.381,1004.481,-2.474
192.692,1004.729,-2.292
195.178,1004.758,-2.144
199.821,1004.849,-2.015
202.025,1004.761,-1.915
206.270,1005.075,-1.859
208.363,1005.043,-1.867
215.309,1005.147,-1.939
217.954,1004.955,-2.021
220.707,1004.937,-2.151
223.546,1004.564,-2.263
229.054,1004.306,-2.407
231.642,1004.184,-2.522
236.690,1003.947,-2.679
239.034,1003.838,-2.802
243.577,1003.599,-2.949
245.896,1003.393,-3.065
250.797,1003.192,-3.209
253.325,1002.910,-3.314
258.353,1002.276,-3.441
260.853,1001.883,-3.544
266.184,1000.947,-3.680
268.931,1000.550,-3.780
274.516,999.910,-3.916
277.193,1000.008,-4.015
282.130,1000.319,-4.124
284.489,1000.652,-4.198
289.277,1001.245,-4.282
291.838,1001.434,-4.334
297.157,1001.933,-4.403
302.421,1002.064,-4.450
304.997,1002.444,-4.507
307.604,1002.496,-4.536
312.853,1002.487,-4.560
317.675,1002.300,-4.573
320.104,1002.458,-4.589
325.313,1002.626,-4.585
330.997,1002.896,-4.595
333.908,1003.024,-4.612
336.782,1003.163,-4.608
339.529,1003.263,-4.599
344.546,1003.574,-4.586
346.966,1003.803,-4.571
351.943,1003.968,-4.540
354.537,1004.000,-4.528
362.325,1003.775,-4.511
365.008,1003.579,-4.504
367.757,1003.423,-4.492
370.561,1003.275,-4.487
375.775,1002.855,-4.486
378.221,1002.662,-4.490
383.162,1002.203,-4.501
385.765,1001.922,-4.509
391.019,1001.490,-4.517
396.070,1001.476,-4.524
398.545,1001.550,-4.535
401.009,1001.761,-4.534
408.580,1002.348,-4.558
411.272,1002.251,-4.583
413.912,1002.441,-4.622
416.555,1002.421,-4.669
424.068,1002.685,-4.691
426.559,1002.679,-4.688
429.084,1002.782,-4.711
431.574,1002.688,-4.716
436.595,1002.832,-4.760
439.278,1002.807,-4.753
449.662,1003.781,-4.856
452.184,1003.940,-4.873
454.744,1004.167,-4.975
459.827,1004.740,-5.009
462.347,1005.082,-5.075
464.801,1005.290,-5.119
469.794,1005.438,-5.207
472.344,1005.384,-5.249
477.558,1004.981,-5.295
480.151,1004.834,-5.325
485.364,1004.328,-5.367
488.005,1004.085,-5.374
493.085,1003.601,-5.409
495.605,1003.494,-5.450
500.331,1003.209,-5.505
502.734,1003.179,-5.546
507.748,1003.199,-5.605
510.339,1003.493,-5.646
518.230,1004.567,-5.712
520.918,1004.745,-5.750
526.221,1005.038,-5.802
528.773,1005.011,-5.831
533.704,1004.776,-5.881
536.191,1004.431,-5.910
541.347,1003.787,-5.964
543.988,1003.501,-6.014
549.320,1002.901,-6.059
551.900,1002.650,-6.091
554.449,1002.498,-6.141
556.964,1002.271,-6.179
564.593,1002.302,-6.214
567.044,1002.570,-6.263
571.977,1003.085,-6.312
574.694,1003.301,-6.344
577.484,1003.514,-6.389
580.208,1003.829,-6.432
588.202,1004.586,-6.474
590.768,1004.645,-6.509
593.270,1004.631,-6.552
595.864,1004.828,-6.584
601.026,1004.589,-6.633
603.620,1004.519,-6.674
611.838,1003.989,-6.722
614.608,1003.790,-6.761
617.256,1003.581,-6.800
619.858,1003.456,-6.827
625.050,1003.025,-6.862
627.689,1003.052,-6.894
632.653,1002.894,-6.937
635.108,1002.984,-6.976
642.699,1003.173,-7.010
645.204,1003.187,-7.039
647.794,1003.171,-7.083
650.408,1003.382,-7.114
658.616,1003.458,-7.151
661.258,1003.470,-7.189
666.482,1003.798,-7.224
668.977,1003.722,-7.249
674.010,1003.774,-7.276
676.591,1003.620,-7.296
681.701,1003.747,-7.318
684.175,1003.804,-7.340
686.688,1004.058,-7.376
689.206,1004.068,-7.413
697.121,1004.383,-7.444
699.815,1004.375,-7.473
702.531,1004.396,-7.506
705.077,1004.569,-7.521
712.601,1004.882,-7.537
715.244,1004.703,-7.560
717.994,1004.686,-7.589
720.873,1004.627,-7.612
726.558,1004.410,-7.640
729.411,1004.055,-7.659
734.933,1003.875,-7.688
737.519,1003.556,-7.707
742.686,1003.220,-7.748
745.211,1002.893,-7.777
750.400,1002.426,-7.813
755.841,1001.856,-7.837
758.624,1001.663,-7.875
761.349,1001.607,-7.892
64.471,1050.952,2.779
64.747,1050.927,2.735
65.886,1050.851,2.573
67.888,1050.701,2.379
70.420,1050.517,2.152
73.180,1050.503,1.914
76.022,1050.611,1.616
79.019,1050.788,1.473
81.901,1051.008,1.237
84.725,1051.153,1.048
87.563,1051.241,0.929
90.460,1051.387,0.802
93.331,1051.440,0.681
95.616,1051.345,0.558
97.438,1051.426,0.363
98.730,1051.555,0.235
99.524,1051.490,0.085
100.168,1051.511,-0.048
101.341,1051.568,-0.319
102.606,1051.709,-0.411
104.730,1051.617,-0.614
106.377,1051.567,-0.787
110.799,1051.526,-1.154
113.217,1051.536,-1.509
121.140,1051.170,-1.900
123.944,1050.745,-2.251
129.504,1049.974,-2.604
132.210,1049.591,-2.774
137.870,1049.283,-2.927
140.779,1049.206,-3.055
146.292,1049.439,-3.182
148.822,1049.608,-3.275
151.371,1049.929,-3.383
153.996,1050.133,-3.481
162.124,1050.820,-3.564
164.858,1050.881,-3.636
167.509,1050.900,-3.695
170.164,1051.130,-3.713
175.422,1051.218,-3.698
178.106,1051.302,-3.688
183.542,1051.076,-3.665
186.354,1051.210,-3.637
192.125,1050.918,-3.599
194.979,1050.871,-3.537
200.671,1050.805,-3.427
203.538,1050.727,-3.275
209.135,1050.952,-3.040
211.816,1051.050,-2.791
217.208,1051.111,-2.575
219.814,1051.065,-2.407
227.171,1051.194,-2.350
229.699,1051.238,-2.389
235.064,1051.063,-2.490
237.855,1050.983,-2.612
243.388,1050.980,-2.765
246.121,1050.681,-2.861
248.828,1050.634,-3.009
251.531,1050.451,-3.122
256.908,1050.451,-3.287
259.588,1050.279,-3.427
267.656,1050.210,-3.593
270.394,1050.143,-3.713
275.611,1049.910,-3.848
278.204,1049.811,-3.929
280.862,1049.859,-4.033
283.623,1049.886,-4.108
292.285,1050.111,-4.252
295.202,1050.203,-4.249
300.949,1050.383,-4.351
303.678,1050.360,-4.387
306.326,1050.479,-4.426
308.821,1050.466,-4.434
313.735,1050.438,-4.447
316.429,1050.345,-4.455
322.134,1050.244,-4.468
325.035,1050.227,-4.476
330.744,1050.542,-4.474
336.311,1050.236,-4.469
339.041,1050.130,-4.462
344.362,1049.908,-4.456
349.673,1049.674,-4.451
352.416,1049.663,-4.455
355.140,1049.495,-4.452
360.554,1049.821,-4.446
363.280,1049.848,-4.438
368.860,1050.189,-4.439
371.630,1050.135,-4.432
374.444,1050.408,-4.432
379.946,1050.372,-4.446
382.721,1050.548,-4.434
388.372,1050.411,-4.469
394.206,1050.273,-4.482
397.097,1050.439,-4.507
402.552,1050.441,-4.517
405.216,1050.577,-4.537
410.606,1050.703,-4.552
413.396,1050.662,-4.573
416.161,1050.762,-4.589
421.745,1050.784,-4.629
424.448,1050.762,-4.668
432.380,1050.660,-4.719
435.027,1050.564,-4.773
440.505,1050.438,-4.837
443.299,1050.361,-4.896
446.239,1050.152,-4.961
449.165,1049.999,-5.014
454.879,1049.668,-5.074
457.517,1049.579,-5.141
462.467,1049.252,-5.211
464.979,1049.308,-5.246
470.280,1049.120,-5.261
475.794,1049.092,-5.257
478.543,1049.344,-5.267
481.204,1049.517,-5.279
486.513,1049.868,-5.312
489.137,1050.002,-5.366
494.411,1050.423,-5.441
499.791,1051.018,-5.485
502.632,1050.924,-5.531
505.570,1050.918,-5.578
514.426,1050.419,-5.635
517.114,1050.232,-5.679
519.747,1050.422,-5.739
522.355,1050.248,-5.776
527.406,1050.105,-5.827
532.230,1049.785,-5.871
537.227,1049.351,-5.917
539.898,1048.978,-5.947
542.630,1049.000,-6.003
545.425,1049.186,-6.049
553.873,1050.052,-6.097
556.733,1050.328,-6.141
559.598,1050.604,-6.197
562.397,1050.832,-6.226
568.014,1051.137,-6.273
570.729,1051.052,-6.318
578.430,1051.650,-6.372
581.016,1051.964,-6.417
586.244,1052.229,-6.464
588.890,1052.416,-6.501
591.679,1052.436,-6.546
594.508,1052.528,-6.581
600.009,1052.534,-6.622
602.542,1053.031,-6.664
607.768,1053.204,-6.710
610.594,1053.165,-6.729
619.082,1052.000,-6.816
621.830,1051.099,-6.842
627.116,1049.969,-6.882
629.677,1049.486,-6.913
632.254,1049.364,-6.945
637.427,1049.541,-6.966
640.007,1049.807,-7.010
642.666,1050.364,-7.054
648.229,1051.039,-7.129
653.790,1051.682,-7.158
659.374,1052.254,-7.195
662.221,1052.255,-7.210
664.918,1052.511,-7.235
667.622,1052.494,-7.244
673.075,1052.630,-7.269
675.948,1052.541,-7.295
681.540,1052.942,-7.329
684.209,1052.844,-7.351
689.499,1052.744,-7.390
692.189,1052.287,-7.390
697.831,1051.347,-7.490
703.477,1050.571,-7.494
709.052,1049.839,-7.537
711.810,1049.710,-7.566
714.516,1049.584,-7.590
717.143,1049.435,-7.601
722.243,1048.437,-7.625
724.667,1047.399,-7.653
729.824,1045.554,-7.673
735.095,1044.555,-7.698
737.656,1044.257,-7.735
740.298,1044.386,-7.752
745.618,1045.224,-7.772
750.899,1046.351,-7.794
753.534,1046.766,-7.826
756.154,1047.264,-7.852
763.930,1049.893,-7.885
62.250,1087.349,2.903
62.749,1088.869,2.865
63.499,1090.017,2.787
64.826,1091.385,2.625
66.393,1092.522,2.462
68.448,1093.541,2.301
70.933,1094.117,2.140
73.387,1094.380,2.055
75.724,1094.672,1.931
77.798,1095.017,1.789
79.655,1095.258,1.610
81.460,1095.474,1.399
83.124,1095.615,1.255
84.727,1095.719,1.071
86.426,1095.829,0.869
88.222,1095.954,0.654
90.032,1096.064,0.478
91.890,1096.226,0.338
93.748,1096.374,0.218
95.547,1096.526,0.118
97.452,1096.698,-0.251
99.037,1096.805,-0.350
103.441,1097.238,-0.674
104.602,1097.371,-0.869
106.839,1097.618,-1.067
108.010,1097.628,-1.207
110.792,1097.503,-1.334
112.318,1097.440,-1.438
115.573,1097.113,-1.545
117.049,1096.873,-1.652
119.829,1096.484,-1.750
121.262,1096.281,-1.849
122.681,1095.945,-1.946
126.481,1095.324,-2.044
131.225,1095.001,-2.183
133.715,1095.198,-2.329
139.155,1095.289,-2.504
141.817,1095.625,-2.677
146.795,1095.654,-2.874
149.355,1095.720,-3.010
154.439,1095.663,-3.146
156.955,1095.700,-3.220
162.149,1096.007,-3.240
164.693,1096.176,-3.175
169.816,1096.890,-3.103
172.367,1097.279,-2.913
179.551,1098.475,-1.799
182.092,1098.695,-1.568
187.277,1098.788,-1.582
189.551,1098.928,-1.537
194.156,1099.170,-1.576
196.431,1099.216,-1.646
201.420,1098.873,-1.720
203.821,1098.684,-1.815
208.562,1098.225,-1.927
210.981,1098.059,-2.006
215.623,1097.420,-2.117
217.617,1097.464,-2.211
219.910,1097.161,-2.317
224.378,1097.270,-2.403
229.141,1097.099,-2.516
231.465,1097.036,-2.593
236.220,1096.927,-2.705
238.642,1096.683,-2.796
240.954,1096.613,-2.908
245.465,1096.384,-3.005
250.048,1095.860,-3.119
252.392,1095.434,-3.224
257.257,1094.861,-3.347
259.636,1094.426,-3.451
264.535,1093.984,-3.560
266.959,1093.658,-3.659
271.779,1093.585,-3.756
274.210,1093.305,-3.824
278.930,1093.421,-3.906
281.227,1093.586,-3.981
285.816,1094.183,-4.046
288.139,1094.506,-4.101
292.811,1095.447,-4.164
295.223,1095.880,-4.211
299.708,1096.708,-4.259
301.834,1097.033,-4.290
306.468,1097.558,-4.326
308.778,1097.835,-4.351
313.389,1097.947,-4.372
315.663,1098.183,-4.382
318.073,1098.175,-4.399
322.861,1098.244,-4.409
327.619,1097.966,-4.429
330.014,1097.904,-4.439
334.886,1097.178,-4.445
337.219,1096.696,-4.457
339.565,1096.177,-4.468
344.241,1095.287,-4.464
348.841,1094.568,-4.467
351.135,1094.414,-4.473
353.448,1094.318,-4.472
355.928,1093.903,-4.466
363.211,1093.806,-4.461
365.603,1093.923,-4.458
368.032,1093.670,-4.460
372.767,1093.837,-4.457
375.077,1093.751,-4.463
379.876,1093.855,-4.470
384.899,1093.989,-4.484
387.256,1093.761,-4.496
389.532,1094.074,-4.502
394.159,1093.692,-4.503
401.402,1093.239,-4.492
403.615,1093.103,-4.555
408.233,1092.570,-4.570
410.656,1092.259,-4.600
415.351,1091.820,-4.636
417.738,1091.586,-4.657
420.036,1091.297,-4.723
424.906,1090.797,-4.793
429.661,1090.709,-4.870
432.041,1090.560,-4.936
434.371,1090.861,-4.993
436.681,1091.046,-4.982
443.501,1092.207,-4.992
445.687,1092.774,-4.972
450.138,1093.548,-5.000
452.421,1093.926,-5.054
457.152,1094.632,-5.080
459.369,1095.079,-5.117
463.960,1095.803,-5.198
466.396,1096.185,-5.290
471.303,1096.846,-5.373
473.721,1097.001,-5.484
478.521,1097.518,-5.566
480.925,1097.575,-5.634
483.173,1097.574,-5.613
485.727,1097.475,-5.606
490.429,1097.004,-5.570
492.840,1096.641,-5.566
499.964,1095.714,-5.554
502.315,1095.408,-5.589
506.992,1094.594,-5.602
509.427,1094.253,-5.654
514.307,1093.272,-5.684
516.599,1092.713,-5.715
519.096,1092.252,-5.754
523.735,1091.621,-5.795
528.605,1091.401,-5.838
531.214,1091.109,-5.880
535.809,1091.361,-5.927
537.969,1091.564,-5.965
542.651,1091.819,-6.008
545.124,1092.057,-6.038
550.029,1092.257,-6.085
552.317,1092.690,-6.126
556.967,1093.254,-6.165
559.398,1093.490,-6.203
564.312,1093.874,-6.250
566.418,1094.353,-6.285
570.938,1095.206,-6.321
573.308,1095.593,-6.360
575.788,1095.833,-6.399
580.530,1096.648,-6.429
584.940,1097.736,-6.471
587.331,1098.143,-6.508
591.992,1098.919,-6.550
594.364,1099.218,-6.582
599.094,1099.813,-6.631
601.464,1100.016,-6.667
606.112,1100.491,-6.710
608.564,1100.640,-6.742
613.318,1100.899,-6.785
615.622,1100.971,-6.811
618.054,1101.067,-6.844
622.897,1100.916,-6.874
627.698,1100.617,-6.909
630.161,1100.378,-6.951
632.508,1099.944,-6.989
637.205,1099.486,-7.023
641.996,1098.888,-7.067
644.507,1098.383,-7.107
649.318,1097.547,-7.130
651.645,1097.024,-7.157
653.880,1096.686,-7.185
658.641,1095.511,-7.202
663.532,1094.535,-7.234
665.873,1094.137,-7.250
670.398,1093.399,-7.284
672.817,1093.534,-7.307
677.774,1092.771,-7.339
680.170,1093.110,-7.350
684.502,1093.024,-7.384
686.812,1093.164,-7.405
691.589,1093.033,-7.430
694.055,1093.069,-7.444
698.779,1093.112,-7.474
701.218,1093.108,-7.500
705.863,1093.294,-7.536
708.207,1093.416,-7.567
712.951,1093.660,-7.598
715.272,1093.656,-7.627
720.210,1093.942,-7.650
722.660,1094.121,-7.665
725.157,1094.133,-7.687
729.958,1094.446,-7.708
734.671,1094.599,-7.729
737.063,1094.532,-7.753
739.540,1094.625,-7.786
744.497,1094.504,-7.820
749.359,1094.505,-7.853
751.712,1094.389,-7.877
756.399,1094.352,-7.899
758.878,1094.382,-7.904
761.235,1094.329,-7.916
